"LABEL","FLUX.1","FLUX.2","FLUX.3","FLUX.4","FLUX.5"
2,119.88,100.21,86.46,48.68,46.12
2,5736.59,5699.98,5717.16,5692.73,5663.83
2,844.48,817.49,770.07,675.01,605.52
2,-826,-827.31,-846.12,-836.03,-745.5
2,-39.57,-15.88,-9.16,-6.37,-16.13
1,14.28,10.6299999999999,14.5599999999999,12.4199999999998,12.0699999999999
1,-150.479999999996,-141.720000000001,-157.599999999999,-184.599999999999,-164.889999999999
1,-10.06,-12.78,-13.16,-9.81,-18.91
1,454.660000000003,440.599999999977,382.289999999979,361.629999999976,298.629999999976
1,187.399999999994,209.599999999991,199.909999999989,179.619999999995,171.209999999992
1,205.069999999992,177.979999999996,163.410000000003,159.699999999997,157.709999999992
1,335.739999999991,330.209999999992,290.659999999989,274.179999999993,271.239999999991
1,-8.78999999999996,0.0400000000000773,0.660000000000082,-2.63,4.42000000000007
1,449.159999999989,419.779999999999,357.449999999997,355.949999999997,284.409999999989
1,154.579999999994,127.269999999997,128.859999999993,122.529999999999,94.8099999999977
1,-9.18000000000006,-9.43000000000006,-11.4200000000001,-8.88999999999999,-3.48000000000002
1,53.8499999999985,24.7799999999988,67.6399999999994,46.1399999999994,23.6399999999994
1,3.11999999999989,-2.32000000000016,1.32999999999993,-9.67000000000007,-5.07000000000016
1,-14.4599999999999,-9.68999999999994,-9.27999999999997,-7.34999999999991,-12.4899999999999
1,-109.52,-85.9000000000001,-87.96,-75.3499999999999,-74.3699999999999
1,-20.51,-15.64,-18.75,-16.9399999999999,-12.53
1,96.8199999999488,290.25,326.25,159.439999999944,-290.120000000112
1,-26.8099999999999,-26.6299999999999,-20.3499999999999,-15.8799999999999,-11.8699999999999
1,-50.4300000000003,-35.5799999999999,-38.3400000000001,-32.7999999999993,-31.3400000000001
1,44.8600000000006,35.3200000000006,43.9200000000001,30.3000000000002,33.9400000000005
1,-292.380000000005,-301.520000000019,-254.850000000006,-225.360000000015,-198.580000000016
1,-26.55,-26.3,-25.82,-20.87,-19.52
1,-15.2999999999993,-19.5999999999985,309.240000000002,-12.7999999999993,-30.5499999999993
1,393.720000000001,341.550000000017,277.910000000003,290.790000000008,292.410000000003
1,1.61000000000013,5.61000000000013,10.8200000000002,6.8900000000001,18.9200000000001
1,324.5,307.650000000009,284.460000000006,276.699999999997,253.419999999998
1,-11.0799999999999,-12.03,-8.22999999999979,-9.25999999999999,-5.8599999999999
1,2.54000000000002,4.75,3.88,-3.95999999999998,8.44
1,27.5300000000002,26.3600000000001,31.5499999999997,29.5999999999999,20.5000000000005
1,20.8600000000006,13.5,31.7000000000044,22.9100000000035,7.99000000000524
1,269.829999999987,265.799999999988,198.279999999999,207.410000000003,119.130000000005
1,181.269999999997,163.889999999999,160.040000000001,137.209999999999,136.599999999999
1,1485.44,1283.78000000003,1036.97000000003,893.440000000002,715.5
1,2.81,3.78000000000003,5.91000000000003,1.75,0.329999999999984
1,6.65999999999985,-5.72999999999956,-7.57999999999811,-24.8400000000001,-7.73999999999796
1,108.049999999988,61.3499999999913,53.1499999999942,50.3399999999965,64.2200000000012
1,11.0899999999999,9.50999999999999,28.79,3.96000000000004,9.36000000000013
1,-51.3400000000001,-47.3299999999999,-39.9600000000009,-30.9500000000007,-43.0599999999995
1,-121.320000000007,-147.470000000001,-135.520000000004,-136.800000000003,-109.970000000001
1,18.9200000000001,23.1400000000003,15.6800000000003,7.5,7.32000000000016
1,-9.31999999999994,-3.00999999999999,-4.1400000000001,-10.95,1.04999999999995
1,-49.2,-48.45,-48.42,-46.86,-37.2
1,-10.57,-10.76,-3.07999999999998,-6.09999999999997,-5.49000000000001
1,12.75,16.49,23.19,11.69,15.28
1,-10.57,-5.81999999999999,-13.24,-11.38,-11.39
1,9.29999999999995,9.28999999999996,2.23000000000002,2.34000000000003,1.18999999999994
1,-900.689999999999,-844.380000000001,-841.82,-750.23,-713.84
1,-57.4500000000044,-62.7900000000009,-34.6100000000006,-46.0400000000009,2.35999999999331
1,376.309999999998,356.899999999994,417.080000000002,420.259999999995,364.309999999998
1,317.190000000002,299.760000000009,299.349999999977,277.5,285.5
1,-0.870000000000005,-5.75,1.13,-4.60000000000002,-9.06000000000006
1,-72.010000000002,-99.3300000000017,-104.269999999997,-120.290000000001,-101.879999999997
1,-5.56000000000006,-5.53000000000009,1.46999999999991,-0.57000000000005,-3.06000000000006
1,-4.94999999999982,-2.75999999999976,-7.51999999999998,-12.7199999999998,-12.8699999999999
1,230.790000000008,198.389999999999,195.970000000001,189.320000000007,162.600000000006
1,-4.34,-5.21000000000001,-6.03999999999999,-1.47,-5.40000000000001
1,23.46,21.5300000000007,26.5100000000002,20.2700000000004,12.8600000000006
1,7.96999999999991,7.34999999999991,2.27999999999997,-4.72000000000003,16.8199999999999
1,164.220000000001,174.48000000001,148.23000000001,104.040000000008,111.940000000002
1,283.25,296.710000000021,271.870000000024,217.290000000008,187.309999999998
1,-78.130000000001,-73.9799999999996,-92.6100000000006,-90.8299999999981,-101.040000000001
1,17.6800000000076,33.9800000000105,51.5100000000093,25.320000000007,65.4700000000012
1,-1055.93000000005,-823.120000000112,-674.120000000112,-732.810000000056,-550.310000000056
1,-158.139999999999,-139.650000000001,-135.309999999998,-143.770000000004,-113.150000000001
1,464.299999999996,432.839999999997,383.779999999999,350.400000000001,356.830000000002
1,350.039999999994,382.759999999995,354.389999999999,354.849999999991,346.639999999999
1,-115.590000000011,-98.6200000000099,-108.300000000003,-105.290000000008,-122.37000000001
1,327.549999999996,284.330000000002,284.889999999999,263.239999999998,248.080000000002
1,-5.22000000000025,-8.19999999999982,-0.149999999999636,-3.35999999999967,-2.60999999999967
1,-49.5,-52.9899999999998,-53.2199999999993,-47,-57.0499999999993
1,83.1299999998882,152,181.809999999939,239.189999999944,282.439999999944
1,-13.25,-15.0500000000001,-16.39,-12.3100000000001,-17.66
1,1217.58000000002,1025.08000000002,940.25,793.920000000013,636.190000000002
1,-22.83,-15.87,-23.0599999999999,-17.59,-17.04
1,-83.6800000000003,-89.5100000000002,-83.1000000000004,-78.5500000000002,-78.4300000000003
1,-3.82999999999993,-5.65999999999997,-1.15999999999997,-0.240000000000009,-0.969999999999914
1,211.070000000007,212.169999999998,211.570000000007,182.860000000001,174.710000000006
1,-165.470000000001,-225.229999999996,-137.869999999995,-222.779999999999,-149.619999999995
1,-2.09999999999997,-2.30000000000001,-4.86000000000001,-1.75,6.37
1,223.26999999999,174.489999999991,254.029999999999,214.879999999976,208.389999999985
1,-52.7200000000003,-63.25,-52.1400000000003,-47.3100000000004,-45.8000000000002
1,-59.8500000000004,-56.0799999999999,-5.28999999999996,-53.6400000000003,-66.3900000000003
1,3453.75,3877.62000000011,4660.75,5169.12000000011,5914.12000000011
1,-7.31999999999994,7.65000000000009,-9.53999999999996,-9.3599999999999,-6.24000000000001
1,181.950000000004,172.590000000004,178.709999999999,180.740000000005,144.450000000004
1,-182.540000000008,-195.350000000006,-132.800000000003,-168.190000000002,-182.900000000009
1,211.239999999991,158.220000000001,178.409999999974,167.459999999992,101.179999999993
1,-28.17,-22.92,-21.1799999999999,-18.1899999999999,-20.86
1,-16.01,-13.77,-20.64,-18.4300000000001,-9.50999999999999
1,-20.7200000000003,-18.8200000000002,-25.98,-17.9700000000003,-11.4000000000001
1,-15.7,-8.1400000000001,-12.77,-4.01999999999998,-6.60000000000014
1,-57.3899999999994,-81.0599999999977,-77.9099999999999,-61.5499999999993,-52.5699999999997
1,-9.96000000000004,-9.48000000000002,-13.09,-4.81000000000006,-4.72000000000003
1,68.25,71.760000000002,57.5300000000061,80.3600000000006,76.4000000000015
1,5.05999999999995,22.54,8.51999999999998,10.76,11.8499999999999
1,73.5099999999948,76.4700000000012,68.3099999999977,60.8899999999994,71.5099999999948
1,-85.1699999999992,-87.8599999999997,-79.6899999999996,-74.0699999999997,-83.5499999999993
1,-14.66,-10.1800000000001,-8.50999999999999,-5.63,-12.53
1,424.77,398.25,372.59,332.08,279.929999999999
1,188.5,14.2400000002235,-19.8799999998882,-51.1299999998882,-37.5
1,-5.58000000000004,-8.91000000000008,-11.58,-16.7700000000001,-12.2
1,98.8000000000175,91.0800000000163,89.9000000000233,61.9200000000128,64.4700000000012
1,78.2399999999998,71.4499999999998,79.71,86.1700000000001,72.3299999999999
1,20.29,22.9200000000001,20.76,22.45,30.9200000000001
1,625.560000000056,726.870000000112,618.620000000112,565.120000000112,294.25
1,292.120000000003,253.16,191.970000000001,205.650000000001,143.400000000001
1,-18.1599999999999,1.5099999999984,-0.319999999999709,-7.93999999999869,-17.7700000000004
1,7.90000000000009,6.19999999999982,0.779999999999745,2.17000000000007,-1.2800000000002
1,-18.61,-22.79,-16.8199999999999,-17.0799999999999,-17.9599999999999
1,304.47,208.98,310.12,309.41,143.14
1,160.200000000001,150.470000000001,132.639999999999,149.209999999999,143.650000000001
1,31.4800000000105,38.1200000000244,26.4200000000128,20.390000000014,31.2200000000012
1,43.1299999999756,54.609999999986,43.5299999999988,58.429999999993,51.7799999999988
1,18,22.39,8.73000000000002,10.3000000000001,4.39999999999998
1,1.87000000000012,12.21,-1.74000000000001,2.20000000000005,3.61000000000013
1,-15478.1800000001,-14663.4300000001,-12241.72,-10817.59,-9317.65000000002
1,4.87000000000012,4.60000000000014,-1.21000000000004,7.75,6.63000000000011
1,12.3199999999997,27.8899999999994,16.4599999999991,-4.93000000000029,7.43999999999505
1,-18.54,-21.0600000000004,-22.9900000000002,-15.3400000000001,-19.8500000000004
1,-4594.02,-282.589999999997,1204.43000000001,2277.7,2719.23
1,-18.6099999999999,-13.9400000000001,-18.45,-13.53,-13.28
1,-61.4400000000001,-52.8600000000001,-53.55,-42.1800000000001,-43.1300000000001
1,420.669999999998,428.029999999999,401.580000000002,421.220000000001,416.43
1,-33.7099999999991,-31.6199999999953,-23.3299999999945,-18.2900000000009,-31.7199999999939
1,27.49,26.06,21.9,18.48,23.84
1,-112.85,-115.04,-118.09,-112.55,-94.1100000000001
1,198.55,173.7,147.39,127.02,100.64
1,-1181.20999999999,-1169.92999999999,-906.119999999995,-764.260000000009,-679.059999999998
1,-14.99,-13.0799999999999,-26.8799999999999,-17.95,-13.6700000000001
1,-5.98000000000002,-6.81,-8.04000000000002,-12.75,-0.220000000000027
1,1.16999999999962,-6.44000000000005,-1.86000000000013,2.86999999999989,-8.14000000000033
1,-3060.5,-2762.5,-2606.5,-2628,-2663.75
1,-1944.88,-1786.77,-1925.31,-1836.43,-1714.03
1,3339.84,3251.44,2966.19,2941.12,2618.86
1,884,711.379999999888,616.379999999888,743.120000000112,551.120000000112
1,-30.6899999999996,-31.0499999999993,-36.5599999999995,-25.0299999999997,-31.2799999999997
1,331.270000000019,350.320000000007,398.179999999993,384.179999999993,344.959999999992
1,-8.41999999999825,-20.0399999999936,-1.58000000000175,18.4799999999959,-3.33000000000175
1,0.259999999999991,2.68000000000001,2.02000000000004,0.860000000000014,5.00999999999999
1,-49.3700000000001,-57.4100000000001,-56.4000000000001,-53.6800000000001,-57.01
1,-202.870000000112,-133.060000000056,-125.680000000051,-169.310000000056,-153.370000000112
1,67.9700000000012,62.9700000000012,51.4099999999962,59.6699999999983,76.6599999999962
1,2420.79000000001,2308.35000000001,1865.72,1713.96000000001,1552.21000000001
1,122.760000000009,158.5,287.190000000002,314.440000000002,80.320000000007
1,1.86999999999989,5.59000000000015,-4.26999999999998,-5,7.40000000000009
1,-1986.69999999998,-1886.59,-1465.87999999998,-1413.73999999999,-1274.5
1,-11,-12.58,-5.31,-2.85000000000002,-10.37
1,17.3699999999999,17.0199999999995,27.1799999999994,17.25,10.3299999999999
1,-103.09,-95.8900000000003,-85.46,-84.2700000000004,-82.4400000000005
1,48.8399999999965,17.4100000000035,26.8499999999913,20.0800000000017,4.30999999999767
1,-20.1800000000001,-3.8900000000001,-5.98000000000002,-13.6400000000001,-4.56000000000006
1,11.8799999999974,9.93000000000029,6.7699999999968,109.059999999998,5.72999999999593
1,-14.1299999999999,-9.06999999999994,-12.5699999999999,-5.92999999999984,-7.24000000000001
1,-32.38,-32.38,-30.25,-30.25,-30.04
1,-8.18000000000029,-5.02999999999975,-4.01000000000022,-6.38000000000011,-7.97000000000025
1,-34.9199999999983,-35.4199999999983,-28.8199999999997,-26.3700000000026,-8.5
1,3470.27999999997,3183.18999999994,2978.43999999994,2452.21999999997,2499.90999999997
1,-15.3499999999999,-20.21,-17.99,-17.8499999999999,-21.0899999999999
1,186.849999999999,183.269999999997,182.559999999998,165.169999999998,175.629999999997
1,79.070000000007,45.1300000000047,85.320000000007,37.8499999999767,-3.55999999999767
1,53.6100000000151,48.0299999999988,52.4300000000221,25.9000000000233,55.9500000000116
1,0.0700000000001637,-0.690000000000055,-3.04999999999973,1.5300000000002,-4.98999999999978
1,30.9399999999996,7.71000000000004,13.3199999999997,0.350000000000364,5.31999999999971
1,-14.9000000000001,-6.92999999999984,-6.01999999999998,-9.36000000000013,2.25999999999976
1,-885.5,-711.129999999888,-717.379999999888,-536.379999999888,-505.75
1,391.760000000009,374.300000000017,415.690000000002,357.350000000006,338.410000000003
1,-110.539999999994,-145.569999999992,-56.3399999999965,-70.5599999999977,-107.139999999999
1,-7.10000000000002,-10.33,-7.17999999999995,-4,-6.11000000000001
1,-332.690000000002,-330.170000000002,-341.690000000002,-293.400000000001,-307.52
1,-196.580000000002,-196.550000000003,-151.350000000006,-150.919999999998,-122.759999999995
1,-2355.12999999989,-2208.5,-1876.37999999989,-1719.62999999989,-1287.12999999989
1,-27.45,-25.4199999999998,-22.95,-15.95,-16.8899999999999
1,-4.00999999999999,-3.5,-2.41999999999996,-3.53999999999996,-4.69999999999999
1,56.8099999999977,23.8000000000029,-20.1100000000006,50.1699999999983,0.0400000000081491
1,523.5,519.48000000001,466.760000000009,454.98000000001,414.830000000016
1,-21.4700000000012,-57.0500000000029,-24.9800000000105,-56.0600000000122,-47.7200000000012
1,45.2200000000303,91.2200000000303,65.0900000000256,170.190000000002,189.340000000026
1,7.75999999999999,5.60999999999996,7.35999999999996,5.03999999999996,4.51999999999998
1,-170.869999999999,-180.789999999997,-143.599999999999,-121.909999999996,-129.589999999997
1,-76.8899999999994,-76.8800000000047,-74.9100000000035,-90.3399999999965,-68.5299999999988
1,112.25,332.379999999888,693.75,216.120000000112,15.8799999998882
1,359.159999999996,309.719999999994,314.129999999997,313.949999999997,280.759999999995
1,57.7400000000052,57.8899999999994,60.8899999999994,20.8800000000047,38.3699999999953
1,-2.27000000000044,-0.930000000000291,4.98999999999978,5.57999999999993,-5.52000000000044
1,-13.5099999999948,-34.7699999999968,-32.7199999999939,-54.5400000000009,-89.8699999999953
1,-12.5700000000002,-10.27,-9.08000000000015,-3.38000000000011,8.6099999999999
1,214.529999999999,216.190000000002,198.059999999998,202.110000000001,151.669999999998
1,-88.0500000000029,-86.820000000007,-37.2400000000052,-71.5,-24.3899999999994
1,-193.610000000015,-108.110000000015,-52.1500000000233,10.6600000000035,-10.9300000000221
1,71.9599999999919,23.9400000000023,52.8699999999953,21.2299999999959,51.6399999999994
1,71.1399999999994,66.4799999999959,65.2200000000012,47.8600000000006,58.5500000000029
1,-9.76999999999998,-9.95999999999998,-16.1,-7.43000000000001,-15.29
1,30.2,38.1000000000001,30.1100000000001,17.4300000000001,30.8100000000002
1,-16.84,-16.48,-18.35,-11.3,-16.71
1,-239.400000000009,-216.23000000001,-192.520000000004,-201.23000000001,-184.160000000003
1,-39.9199999999983,-48.3600000000006,-54.6599999999999,-37.5299999999988,-48.0400000000009
1,251.219999999972,269.089999999997,319.799999999988,339.129999999976,404.829999999987
1,-13.5599999999999,-13.6299999999999,-3.75999999999999,-15.8399999999999,-8.74000000000001
1,18.8099999999999,-1.59999999999991,4.98000000000002,12.8299999999999,8.49000000000001
1,-19.3099999999999,-11.73,-14.99,-8.62,-10.22
1,170.349999999977,166.489999999991,100.359999999986,67.8499999999767,63.1899999999732
1,-29.8500000000004,-16.2900000000009,-22.4700000000012,-21.6599999999999,-11.8299999999999
1,2035,1945.62,1995.27999999997,1957.02999999997,1871.52999999997
1,-67.9299999999998,-69.3899999999999,-82.1700000000001,-77.5299999999997,-82.96
1,-954.760000000009,-816.260000000009,-583.380000000005,-625.760000000009,-403.760000000009
1,-34.1200000000026,-70.6399999999994,-34.6399999999994,-36.1599999999962,-24.9400000000023
1,-23.3000000000001,-25.85,-23.4400000000001,-14.1,-17.76
1,10.53,14.39,12.7299999999999,13.6899999999999,2.79999999999995
1,89.679999999993,131.319999999992,159.209999999992,144.389999999999,136.639999999999
1,-39.77,-30.27,-32.29,-22.2599999999998,-20.4200000000001
1,0.550000000000068,0.360000000000014,-1.04999999999995,7.19000000000005,4.71000000000004
1,806.639999999999,745.190000000002,752.970000000001,734.610000000001,644.269999999997
1,37.1099999999997,30.7199999999998,36.1399999999999,22.25,26.6899999999996
1,48.5400000000081,59,71.2400000000052,100.199999999997,114.090000000011
1,23.85,20.14,19.22,15.1,12.81
1,-289.140000000014,-233.5,-222.170000000013,-243.460000000021,-200.510000000009
1,-72.9900000000016,-57.0800000000017,-44.5300000000007,-44.25,-42.8200000000015
1,269.119999999995,218.059999999998,85.7199999999721,161.309999999998,88.4400000000023
1,51.6900000000001,54.1200000000001,42.6000000000001,44.24,45.49
1,281.190000000002,236.459999999992,213.170000000013,264.660000000003,276.209999999992
1,-169.390000000003,-184.66,-156.260000000002,-132.440000000002,-136.18
1,-14.6000000000004,-8.43000000000029,-19.9800000000005,-12.3299999999999,-6.64000000000033
1,79.3400000000256,123.75,146.150000000023,119.650000000023,144.75
1,17.71,18.8500000000001,12.8099999999999,13.3800000000001,12.26
1,54.6800000000003,40.239999999998,36.2200000000012,55.4800000000032,26.5900000000038
1,290882.5,290653.5,290554,290486.5,290289
1,-22.9599999999991,-26.4299999999994,-8.8799999999992,-12.3099999999995,-14.9199999999992
1,123.450000000012,91.890000000014,106.840000000026,83.390000000014,65.0500000000175
1,285.709999999992,202.059999999998,223.580000000002,182.389999999999,188.5
1,313.76999999999,271.339999999997,228.579999999987,250.549999999988,119.25
1,386.100000000006,307.890000000014,294.190000000002,320.860000000015,344.380000000005
1,0.319999999999993,-4.91000000000003,3.37,-3.49000000000001,-9.03000000000003
1,30.7799999999997,36.1199999999999,31.7799999999997,21.4899999999998,18.2599999999993
1,-4.21000000000004,-10.0500000000001,-10.6,-1.16000000000008,-15.01
1,20.3200000000001,27.34,17.38,10.51,17.09
1,0.870000000000005,10.67,-1.12,-0.00999999999999091,2.38
1,8.72000000000003,3.70000000000005,13.8199999999999,3.18000000000006,8.54999999999995
1,60.7299999999959,-4.7899999999936,-8.48999999999069,16.9499999999971,-5.47000000000116
1,-19.0200000000004,-29.5800000000008,-22.9700000000003,-10.1500000000005,-17.1900000000005
1,-13.9000000000001,-6.42000000000007,-13.1399999999999,-12.7600000000002,-20.7600000000002
1,916.220000000001,902.260000000009,931.470000000001,962.859999999986,816.510000000009
1,-463.560000000056,-455.620000000112,-490.5,-441.120000000112,-465.75
1,-139.66,-139.32,-139.85,-138.26,-140.48
1,-9.81999999999971,-21.21,-22.77,-14.7399999999998,-18.8699999999999
1,-187.760000000002,-218.260000000002,-193.93,-192.779999999999,-174.200000000004
1,-6,-18.2400000002235,164.5,95.8799999998882,287.629999999888
1,844.119999999995,727.52999999997,707.559999999998,677.119999999995,527.369999999995
1,70.1599999999999,75.4399999999996,54.75,49.0999999999999,58.04
1,8.53999999999996,5.89999999999998,7.29999999999995,6.01999999999998,0.730000000000018
1,1.22000000000003,12.1799999999999,-1.07000000000005,3.05999999999995,1.97000000000003
1,17.2000000000044,-0.729999999995925,2.30000000000291,-16.2299999999959,-13.2299999999959
1,25.4799999999959,2.02999999999884,-6.30000000000291,9.35999999999331,22.9799999999959
1,8.61999999999989,11.74,3.91999999999985,-1.58000000000015,14.5999999999999
1,-2083.75,-1896.75,-1425.75,-1121.25,-634.75
1,-29.2499999999999,-28.51,-31.01,-32.3299999999999,-33.6999999999999
1,303.549999999999,291.09,270.23,244.280000000001,233.76
1,12.1800000000001,3.03000000000009,10.8100000000001,4.01999999999998,-4.38
1,3082.93999999994,3153.80999999994,3339.37999999989,3357.62999999989,3425.37999999989
1,-80.6299999999756,-188.970000000001,-90.1900000000023,-134.720000000001,-202.799999999988
1,-863.5,-1078.25,-1356.75,-1430.75,-1311
1,268.759999999995,207.270000000004,220.279999999999,184.720000000001,176.900000000009
1,-25.51,-27.0699999999999,-27.0599999999999,-25.3199999999999,-23.15
1,46.4200000000001,40.3999999999996,50.6199999999999,45.46,33
1,5.90000000000009,-6.66999999999985,-11.77,-6.3599999999999,-8.52999999999997
1,-33.0800000000017,-50.3800000000047,-35.7300000000105,-42.9600000000064,-37.6800000000076
1,-3.79000000000019,-1.66000000000008,-2.37000000000012,-1.97000000000003,-2.17000000000007
1,-58.510000000002,-65.8400000000038,-73.2800000000061,-86.3300000000017,-71.1100000000006
1,181.290000000001,156.259999999995,154.43,153.579999999994,136.5
1,521.189999999999,498.119999999999,478.52,485.16,443.720000000001
1,-8.04000000000008,-11.13,-9.61000000000001,-9.57000000000005,-11.15
1,-15.0599999999999,-20.0599999999999,-16.8800000000001,-14,-8.88000000000011
1,-249.62999999999,-249.62999999999,-222.970000000001,-207.819999999992,-150.739999999991
1,138.409999999974,155.469999999972,10.5900000000256,17.0900000000256,-37.25
1,398.800000000003,354.940000000002,355.660000000003,308.850000000006,267.919999999998
1,331.1,251.34,182.38,122.71,56.6900000000001
1,335.76999999999,286.639999999985,308.989999999991,241.059999999998,215.329999999987
1,51.0400000000081,29.4600000000064,19.9199999999983,33.820000000007,54.1500000000087
1,68.25,43.570000000007,91.3699999999953,51.2200000000012,79.3800000000047
1,-91.5699999999997,-91.9699999999993,-87.0599999999995,-71.0200000000004,-72.3999999999996
1,6.6899999999996,4.48999999999978,-5.69000000000051,3.6899999999996,-1.11000000000058
1,270.35,185.59,105.21,33.6099999999997,-42.9600000000003
1,61.3400000000038,53.0500000000029,81.3700000000026,39.7200000000012,40.1500000000015
1,-43.8999999999942,-52.6299999999901,-20.4099999999889,-33.109999999986,27.8000000000029
1,-33.67,-31.0599999999999,-29.77,-33.25,-21.02
1,-170.189999999944,-156.819999999949,-185.689999999944,-80.5599999999395,-86.3799999998882
1,-23.8800000000001,-12.45,-19.5800000000002,-12.5400000000002,-0.710000000000036
1,-328,-287.809999999998,-356.090000000026,-290.150000000023,-230.940000000002
1,-252.5,-243.720000000001,-223.630000000001,-214.299999999999,-208.150000000001
1,29.0999999999999,14.9399999999998,17.6099999999999,11.54,12.49
1,10.4100000000035,-26.7700000000041,-30.7799999999988,-73.4400000000023,-81.0899999999965
1,-9.74000000000001,-18.3700000000001,-13.9300000000001,-18.24,-11.23
1,96.8700000000026,114.610000000001,31.7900000000009,4.60000000000582,14.8400000000038
1,148.550000000003,112.360000000001,134.199999999997,114.029999999999,90.4899999999907
1,-26.3500000000058,-6.30000000000291,-24.9400000000023,-49.2200000000012,-72.2300000000032
1,5.22000000000003,7.49000000000001,6.61000000000001,2.37,33.53
1,375.920000000013,333.450000000012,346.240000000005,311.150000000009,278.900000000009
1,-25.6299999999974,-23.9100000000035,-38.0400000000009,-42.9300000000003,-21.5500000000029
1,15.5800000000004,9.29000000000042,18.46,2.29000000000042,-0.809999999999945
1,191.9,175.76,155.54,145.59,116.29
1,672.929999999993,755.679999999993,766.119999999995,728.619999999995,672.77999999997
1,5.83999999999997,7.27999999999997,2.05000000000001,1.57999999999998,6.84999999999997
1,-2.28999999999996,-1.07999999999993,-2.23000000000002,3.47000000000025,-7.17999999999984
1,112.83,-5.79999999999995,-4.41999999999996,-7.52999999999997,0.279999999999973
1,123.740000000005,68.9199999999983,94.7700000000041,73.8800000000047,59.2299999999959
1,20.54,5.61999999999989,6.60999999999967,-1.15000000000055,12.4799999999996
1,921.910000000033,807.910000000033,615.570000000007,446.190000000002,324.22000000003
1,-6.14999999999986,7.93000000000006,-2.66000000000008,-1.01999999999998,-5.75999999999999
1,116.560000000056,127,213.439999999944,128.060000000056,146
1,101.479999999996,84.1599999999889,83.0599999999977,68.6999999999971,37.3399999999965
1,-72.71,-72.6300000000001,-69.2800000000002,-75.9400000000001,-80.9400000000001
1,4.6400000000001,-2.62999999999988,0.599999999999909,0.900000000000091,-0.1099999999999
1,0.720000000000255,-1.17000000000007,-5.09999999999945,-3.5,-13.25
1,-16.9899999999999,-22.6799999999999,-21.1299999999999,-31.8999999999999,-33.3
1,-106.709999999992,-139.779999999999,-94.3600000000006,-102.229999999996,-122.479999999996
1,-216.840000000004,-200.860000000001,-203.070000000007,-178.620000000003,-204.150000000001
1,0.899999999999864,-2.26999999999998,4.48000000000002,-4.36000000000013,-2.6400000000001
1,-9.17999999999984,-14.6599999999999,-15.1299999999999,-11.7,-19.9199999999998
1,-10.0600000000559,-57.6200000000536,15.0299999999697,15.6599999999744,21.8099999999977
1,244.119999999995,194.77999999997,148.52999999997,81.1900000000023,46.2199999999721
1,-2.45999999999913,-14.0200000000041,-8.69999999999709,-48.1900000000023,-56.75
1,19.8299999999999,1.55999999999949,-3.51000000000022,26.0100000000002,-6.27000000000044
1,33.9100000000035,29.5099999999948,20.3300000000017,-5.88999999999942,-4.36000000000058
1,-37.72,-37.65,-35.3799999999999,-32.11,-30.4999999999999
1,114.919999999998,73.6299999999901,-10.7300000000105,-8.30000000000291,-22.4500000000116
1,1.26999999999953,4.56999999999971,-1.28000000000065,-0.740000000000691,10.1999999999998
1,0.710000000000036,-3.51999999999998,-4.09999999999991,-4.96000000000004,-0.309999999999945
1,-11.64,-2.81999999999994,-9.63,-4.12,1136.98
1,-306.950000000001,-277.099999999999,-274.099999999999,-258.669999999998,-199.509999999998
1,-2359.5,-2067.62999999989,-2109.68999999994,-2089.06999999995,-1928.93999999994
1,-14.0600000000013,-30.2800000000007,-14.2800000000007,-31.6500000000015,-35.3400000000001
1,-13.9899999999998,-8.07000000000016,-16.75,-18.7399999999998,-6.5300000000002
1,24.3899999999999,17.54,21.75,7.04999999999973,12.3399999999997
1,43.8000000000029,28.7300000000032,35.4599999999991,100.470000000001,35.6200000000026
1,416.739999999991,342.679999999993,339.12999999999,299.37999999999,284.419999999998
1,-678.870000000054,-676.090000000026,-621.47000000003,-646.590000000026,-627.370000000054
1,-165.26999999999,-154.950000000012,-159.01999999999,-179.200000000012,-142.360000000015
1,677.599999999977,498.5,438.409999999974,332.289999999979,369.02999999997
1,-34.6500000000001,-29.0099999999998,-27.5900000000001,-24.8699999999999,-25.5900000000001
1,624.869999999995,659.429999999993,504.75,415.969999999972,339.900000000023
1,28.5299999999988,34.1800000000221,171.610000000015,100.309999999998,115.590000000026
1,-9.78000000000065,-12.0200000000004,-18.8200000000006,-12.9300000000003,-10.5200000000004
1,-96.7400000000052,-64.2700000000041,-39.6600000000035,21.1499999999942,3.19000000000233
1,317.239999999991,292.099999999991,312.789999999994,249.110000000001,246.179999999993
1,-7.88999999999999,-5.94000000000005,0.730000000000018,-7.06000000000006,4.38
1,-500.560000000056,-471.930000000051,-400.25,-388,-420.690000000061
1,1064.69,929.040000000008,894.510000000009,870.109999999986,747.649999999994
1,-20.24,-22.29,-24.89,-27.16,-22.33
1,392.650000000001,372.340000000004,354.150000000001,348.769999999997,305.720000000001
1,326.169999999998,326.169999999998,334.349999999991,229.659999999989,159.829999999987
1,-69.6100000000006,-68.2400000000016,-46.7599999999984,-38.0400000000009,-32.7799999999988
1,11.0400000000001,8.73000000000002,12.8000000000001,9.48000000000002,3.07000000000005
1,-6.70999999999998,-10.48,-5.59999999999997,-10.25,-7.65999999999997
1,18.3099999999995,-1.88000000000011,2.32999999999993,14.5100000000002,7.09000000000015
1,-5.87999999999988,-14.6099999999999,-15.8499999999999,-7.33999999999992,-4.50999999999999
1,-18.28,-9.60000000000002,-2.79999999999995,-16.39,-9.76999999999998
1,306.710000000006,272.419999999998,242.550000000003,224.540000000008,170.690000000002
1,136.880000000005,122.759999999995,127.860000000001,111.899999999994,112.660000000003
1,435.719999999972,436.219999999972,411.130000000005,347.5,322.280000000028
1,22.8400000000001,15.5399999999972,14.119999999999,26.4399999999987,16.8499999999985
1,9.90999999999985,-5.92000000000189,-7.06999999999971,-22.4000000000015,-42.7700000000004
1,-10.9300000000001,-6.73000000000002,-5.58000000000015,-16.51,-11.48
1,-20.380000000001,-17,0.399999999997817,-10.1100000000006,1.28999999999724
1,-776.190000000002,-758.090000000026,-649.429999999993,-655.340000000026,-607.02999999997
1,1572.25,1508.17,1545.68000000001,1499.75999999999,1481.85000000001
1,151.339999999997,124.130000000005,57.9600000000064,35.3999999999942,39.4600000000064
1,-18.53,-5.98000000000002,-6.3599999999999,-8.27999999999997,-11.8899999999999
1,5.38,2.39999999999998,-3.86000000000001,1.49000000000001,-3.66999999999996
1,1968.90999999997,1914.65999999997,1897.09000000003,1773.5,1732.06
1,-15.7,-10.6600000000001,10.1599999999999,-7.84000000000015,-13.9800000000002
1,203.779999999999,183.169999999998,189.669999999998,171.5,159.099999999999
1,-8.78999999999996,-11.79,-5.29999999999995,-7.49000000000001,-7.32999999999993
1,6.81999999999994,0.299999999999955,3.08999999999992,5.48000000000002,-2.95000000000005
1,362.930000000008,341.220000000001,293.320000000007,250.639999999999,247.270000000004
1,-32.84,-33.07,-33.45,-30.18,-24.24
1,7.68000000000006,14.21,14.5500000000002,11.1300000000001,1.09000000000015
1,-6.97000000000003,-0.440000000000055,-4.75,-1.33000000000004,0.92999999999995
1,-8.74000000000001,0.519999999999982,-3.7700000000001,-15.9000000000001,-3.5200000000001
1,401.349999999991,403.539999999994,378.410000000003,295.559999999998,232.259999999995
1,0.56000000000131,-2.22000000000116,-17.630000000001,-12.1899999999987,-2.40999999999985
1,-37.11,-32.1900000000001,-31.58,-31.27,-23.33
1,10.0300000000002,14.8000000000002,18.4000000000001,7.69000000000005,8.2800000000002
1,-45.6699999999983,-42.6499999999942,-55.6699999999983,-53.8199999999924,6.48000000001048
1,-11.320000000007,-0.370000000009895,-27.4000000000087,10.1199999999953,21.2399999999907
1,-1.82999999999993,0.0300000000006548,-12.6700000000001,-9.35999999999967,-20.4200000000001
1,6.12,0.450000000000045,-2.17999999999995,-4.53999999999996,-5.5
1,3.24000000000024,-5.33999999999969,-5.2199999999998,-2.96000000000004,-1.60999999999967
1,0.420000000000016,0.670000000000016,-6.19999999999999,-3.64999999999998,-2.13999999999999
1,107.740000000002,109.550000000003,99.6700000000019,71.3900000000031,71.1900000000023
1,11.8099999999999,14.3999999999996,17.9899999999998,15.0299999999997,7.7199999999998
1,479.910000000033,413.47000000003,382.820000000007,430.880000000005,443.660000000033
1,-90.9000000000015,-80.1399999999994,-74.9099999999962,-60.9099999999962,-46.9199999999983
1,552.569999999992,532.459999999992,491.989999999991,432.239999999991,402.779999999999
1,173.039999999997,155.219999999998,156.619999999999,90.1800000000003,96.489999999998
1,-3.87999999999988,0.550000000000182,-6.33999999999992,-6.54999999999995,-13.1699999999998
1,-259.909999999974,-335.629999999946,-303,-208.409999999974,-171.77999999997
1,-9.11999999999534,-101.02999999997,-40.0900000000256,-28.3699999999953,-75.4699999999721
1,31.760000000002,2.19000000000233,67.7799999999988,43.8600000000006,52.6699999999983
1,120.830000000002,128.489999999998,130.610000000001,134.349999999999,164.189999999995
1,75.6500000000015,49.7099999999991,54.7900000000009,51.9400000000023,29.2699999999968
1,-65.2600000000001,-60.24,-58.1700000000001,-48.33,-53.72
1,-45.96,-50.6599999999999,-49.5900000000001,-37.4899999999998,-49.4799999999996
1,-263.940000000002,-184.090000000026,-186.159999999974,-176.719999999972,-165.780000000028
1,-6.12000000000012,-5.22000000000003,-4.88000000000011,-6.16000000000008,-8.79000000000019
1,-3.87,-3.27000000000004,-3.94999999999999,-3.81999999999999,-7.29000000000002
1,3.66999999999996,0.100000000000023,1.97000000000003,-4.55999999999995,0.800000000000068
1,-13.5699999999999,-15.23,-3.28999999999996,-5.22000000000003,-8.74000000000001
1,-0.600000000000023,-1,9.91999999999996,2.76999999999998,-4
1,26.8800000000001,24.3500000000004,22.0799999999999,-0.539999999999964,7.80000000000018
1,-7.77999999999997,-1.41999999999996,-1,-8.54999999999995,-2.44999999999993
1,112.139999999985,151.839999999997,193.339999999997,240.889999999985,262.760000000009
1,1852.63999999998,1759.76000000001,1904.17999999999,1814.38999999998,1877.82999999999
1,4.11000000000013,5.27999999999997,-3.03999999999996,0.360000000000127,0.539999999999964
1,-6384.95,-6404.03999999999,-6375.95999999999,-6396.58,-6394.66
1,3.47000000000003,0.919999999999845,1.81999999999994,-4.50999999999999,-2
1,176.189999999944,174.5,232.25,195,114.939999999944
1,-0.0400000000000205,-11.1,-9.12,-5.26000000000005,-1.49000000000001
1,176.17,197.6,232.96,257.48,286.81
1,124.66,121.509999999998,96.8499999999985,86.5400000000009,89.2799999999988
1,84.0800000000017,21.1900000000023,31.6000000000058,2.47000000000116,-19.9699999999939
1,3.69999999999993,6.21999999999991,-2.81000000000006,-5.8900000000001,-3.25
1,77.2899999999991,77.3099999999995,63.6299999999992,49.5300000000007,39.5200000000004
1,-13.2900000000001,-20.02,-10.5700000000001,-8.24000000000001,-10.2
1,34.7299999999996,39.4299999999994,20.0499999999993,26.3299999999999,18.9799999999996
1,2.26999999999998,3.81999999999994,-9.95000000000005,-11.8600000000001,-1.15000000000009
1,114.370000000112,138,154.120000000112,50.1200000001118,100.25
1,-12.21,-13.4100000000003,-16.5800000000004,-11.9000000000001,-7.96000000000004
1,-89.3599999999997,-87.4700000000003,-69.54,-69.1499999999996,-66.0100000000002
1,-15.98,-16.27,-15.06,-13.35,-11.56
1,1149.30999999994,1106.12999999989,959.129999999888,799.189999999944,713.25
1,67.4600000000064,41.5200000000041,36.1700000000055,1.60000000000582,11.3000000000029
1,-74.8000000000029,-114.090000000011,-42.9700000000012,-64.3400000000111,-78.5300000000134
1,466.579999999994,415.589999999997,445.229999999996,400.489999999998,371.309999999998
1,-43.5900000000001,-37.9700000000003,-40.79,-35.0700000000002,-35.2800000000002
1,10.63,14.3199999999999,8.47000000000003,5.23000000000002,13
1,-3.00999999999999,-3.20000000000005,-0.670000000000073,3.82999999999993,-1.5
1,5.58999999999992,2.53999999999996,10.6199999999999,8.58999999999992,3.75999999999999
1,178.260000000002,151.050000000003,142.760000000002,108.780000000006,77.3199999999997
1,-55.619999999999,-73.3400000000001,-58.1399999999994,-55.9000000000015,-59.0699999999997
1,-16.1999999999999,-12.0699999999999,-14.29,-17.03,-21.1099999999999
1,261.819999999992,205.959999999992,177.470000000001,153.099999999991,115.360000000001
1,-59421,65764,-56580,64011,-54545
1,-6.30999999999995,-2.3900000000001,-1.17000000000007,-8.01999999999998,92.27
1,171.970000000001,107.320000000007,122.75,55.7799999999988,41.6699999999983
1,797.699999999997,800.399999999994,787.389999999999,826.839999999997,796.399999999994
1,-40.0699999999999,-50.02,-45.1300000000001,-40.8599999999999,-43.27
1,109.630000000005,81.5100000000093,85.1200000000099,64.5899999999965,62
1,-7.63,-8.3900000000001,-10.36,-9.45000000000005,-1.2600000000001
1,-7.42999999999984,5.77999999999975,-4.19000000000005,-3.67999999999984,-10.1900000000001
1,50,37.2699999999895,49.109999999986,55.3099999999977,54.8800000000047
1,96.3000000000029,72.75,105.349999999991,70.3999999999942,76.25
1,-31.36,-24.02,-24.9200000000001,-28.78,-23.4300000000001
1,-109.179999999993,-93.7299999999959,-52.9499999999971,-62.3899999999994,-40.5699999999924
1,14.04,11.9100000000001,8.60000000000014,2.60000000000014,-2.08999999999992
1,0.5,-1.23000000000002,-7.70000000000005,-0.389999999999986,-3.07000000000005
1,2772.15999999997,2561.88,2510.5,2237.59000000003,2170.15999999997
1,-2213.62000000011,-2260.62000000011,-2335.74000000022,-2541.37000000011,-2925.24000000022
1,-79.74,-88.03,-78.5699999999999,-78.6199999999999,-78.8199999999999
1,-198.75,-191.970000000001,-184.34,-177.25,-184.280000000001
1,670.989999999991,597.069999999978,547.26999999999,476.160000000003,457.129999999976
1,-74.6399999999849,-121.139999999985,-140.129999999976,-145.739999999991,-184.569999999978
1,-25.8000000000001,-26.03,-28.38,-28.1800000000001,-21.09
1,-1.68000000000006,3.9899999999999,-0.470000000000027,3.33999999999992,-3.74000000000001
1,-25.6499999999999,-27.49,-30.3499999999999,-28.71,-19.3899999999999
1,-75.8700000001118,-89.6299999998882,-172.629999999888,-128.129999999888,-122.870000000112
1,-6.13,-1.98000000000002,-7.71999999999991,-5.34999999999991,-7.02999999999997
1,24.3500000000058,26.1199999999953,19.0200000000041,36.5400000000081,69.7100000000064
1,123.160000000003,79.9199999999983,78.3400000000038,48.260000000002,25.3000000000029
1,-24.3200000000001,-27.0700000000001,-32.25,-25.4000000000001,-23.2600000000001
1,-0.0199999999999818,8.80999999999995,-4.3900000000001,-4.36000000000013,-6.00999999999999
1,-25.8799999999901,-9.77999999999884,-23.9899999999907,-5.05999999999767,-6.19999999999709
1,-18.3399999999999,-23.79,-24.3199999999999,-22.1299999999999,-29.3299999999999
1,45.0100000000002,47.7899999999991,29.3599999999988,21.4300000000003,29.1800000000003
1,-20.02,-26.8400000000001,-20.8200000000002,-9.69999999999982,-12.8400000000001
1,-58.9499999999999,-55.42,-57.13,-49.5,-44.76
1,-22.3099999999999,-4.48999999999978,-17.1299999999997,-10.79,-22.4200000000001
1,129.409999999996,118.939999999995,120.18,122.579999999994,94.989999999998
1,73.6599999999999,65.9200000000001,61.0999999999995,64.0099999999993,42.7299999999996
1,-41.2700000000004,-43.9000000000005,-44.04,-43.8500000000004,-21.4200000000001
1,-10.9599999999999,-17.75,-18.6799999999999,-14.65,-5.77999999999997
1,-42.5599999999999,-33.1599999999999,-24.27,-30.8699999999999,-26.75
1,41864.3099999999,41704.87,41530.24,41521.8099999999,41352.4300000001
1,-123,-135.79,-119.31,-126.09,-66.3999999999996
1,350.150000000023,318.869999999995,229.339999999967,212.900000000023,202.900000000023
1,478.470000000001,455.809999999998,468.25,433.109999999986,417.329999999987
1,-5.2299999999999,-2.70999999999992,-4.89999999999998,-2.38,-9.77999999999997
1,2.25999999999999,-2.48000000000002,-3.87000000000012,-6.32000000000016,-6.40000000000009
1,-5.50999999999976,0.490000000000236,-2.17999999999984,-5.17999999999984,-2.02999999999975
1,8.75,9.46999999999991,0.120000000000005,0.759999999999991,-3.09000000000003
1,409.689999999973,401.779999999999,326.659999999974,235,230.699999999983
1,-10.73,-4.88999999999999,-14.79,-10.77,-14.03
1,-562.189999999973,-588.389999999985,-610.339999999997,-678.919999999984,-717.239999999991
1,47,6.49000000000524,34.9199999999983,8.16999999999825,11.320000000007
1,5.93999999999994,-2.03999999999996,2.77999999999997,3.22000000000003,-4.07000000000005
1,66.4199999999983,28.3099999999977,-11.6699999999983,10.0299999999988,-7.20999999999913
1,674.469999999972,646.719999999972,674.809999999998,552.429999999993,570.5
1,-25.1799999999999,-19.67,-25.02,-20.6899999999999,-19.46
1,-12.1600000000001,-10.9000000000001,-15.8599999999999,-17.4200000000001,-10.53
1,7.18000000000001,16.81,13.75,18.49,24.4
1,-13.9500000000003,-4.40000000000009,-14.4300000000003,-15.3200000000002,-18.0900000000001
1,53.8499999999995,36.2399999999998,38.4899999999998,52.3400000000001,37.9700000000003
1,-3.34000000000015,11.0100000000002,-8.44000000000051,-6.07999999999993,-11.1999999999998
1,10.15,154.6,308.67,378.65,324.56
1,272.72000000003,262.159999999974,107.349999999977,98.7200000000303,67.4400000000023
1,752.409999999996,688.769999999997,695.449999999997,592.789999999994,607.739999999998
1,-118.669999999998,-56.8199999999924,32.9600000000064,107.540000000008,208.660000000003
1,-17.42,-13.86,-17.12,-7.72000000000003,-17.1899999999999
1,454.919999999984,411.189999999973,465.219999999972,393.059999999998,356.559999999998
1,-31.84,-28.44,-33.11,-37.62,-40.31
1,473.629999999888,729.25,791.870000000112,834.25,792.870000000112
1,-0.619999999999891,31.3299999999999,-3.74000000000024,9.67000000000007,7.84000000000015
1,-8.75,-3.37999999999988,-13.3599999999999,-8.78999999999996,-9.29999999999995
1,171.599999999999,165.450000000004,174.989999999998,157.400000000001,151.279999999999
1,-9.82999999999993,-3.81999999999994,-10.13,-9.06999999999994,-13.23
1,82.3699999999953,67.1499999999942,86.929999999993,16.0099999999948,36.4199999999983
1,154.370000000112,104.060000000056,174.870000000112,156.620000000112,25.3100000000559
1,155.519999999997,99.2199999999939,99.2199999999939,82.0999999999985,93.3599999999933
1,7.19000000000005,10.9300000000001,5.99000000000001,-1.25999999999999,-3.63999999999999
1,-0.350000000000023,2.70999999999992,-2.91000000000008,13.17,-5.28000000000009
1,110.039999999994,96.8000000000029,115.229999999996,82.5099999999948,87.2700000000041
1,-64.9400000000005,-65.1800000000003,-57.3000000000002,-67.5900000000001,-61.4400000000005
1,-20.8600000000006,-26.4500000000007,-24,-46.3199999999997,-47.7000000000007
1,573,456.930000000051,382,302.620000000054,118.680000000051
1,941.75,1080.42999999999,1110.40000000002,1049.87,1003.5
1,5.52999999999997,7.08999999999992,3.18000000000006,7.87000000000012,-6.65000000000009
1,-10.8200000000001,-12.74,-9.73000000000002,-8.00999999999999,-4.31000000000006
1,-4.45000000000002,-4.75,-8.45000000000002,-5.49000000000001,-1.73000000000002
1,-131.37999999999,-138.690000000002,-110.080000000002,-135.569999999992,-153.360000000001
1,-6.75,0.369999999999891,-0.870000000000118,-0.720000000000027,-1.25
1,-10.2199999999999,-10.25,-4.25999999999999,-14.8599999999999,-12.78
1,16,19.6800000000001,38.0300000000002,7.20000000000005,-0.129999999999882
1,3.36999999999534,0.349999999998545,6.90999999999622,-22.0600000000049,4.45999999999913
1,-21.99,-5.72000000000003,-9.42000000000007,-14.97,1.20999999999992
1,458.970000000001,427.849999999991,371.649999999994,317.809999999998,269.759999999995
1,-0.420000000000073,0.0799999999999272,-2.64999999999986,-7.71000000000004,-8.69000000000005
1,408.860000000001,324.320000000007,306.75,318.380000000005,219.75
1,-36.6000000000004,-37.0500000000011,-34.0400000000009,-28.380000000001,-28.9700000000012
1,-14.73,-15.41,-20.7,-11.79,-21.02
1,-2.97000000000025,-6.77000000000044,-1.34000000000015,1.47999999999956,-3.14999999999964
1,26.9099999999999,26.45,21.49,13.6800000000001,4.87999999999988
1,-325.639999999999,-288.899999999994,-294.610000000001,-239.739999999991,-249.199999999997
1,89.5899999999965,99.609999999986,89.609999999986,5.89999999999418,-0.630000000004657
1,0.75,-2.65999999999997,-1.13,-2.27999999999997,-2.68000000000001
1,-74.21,-74.48,-71.4399999999998,-69.8199999999999,-69
1,-18.84,-22.89,-25.22,-28.98,-23.47
1,-144.940000000002,-170.060000000056,-267.940000000002,-259.22000000003,-411.660000000033
1,14.390000000014,18.6600000000035,-22.3099999999977,-10.5599999999977,-46.8399999999965
1,-41.9400000000001,-18.78,-29.02,-25.6900000000001,-28.45
1,56.9400000000001,33.8699999999999,39.1599999999999,16.73,12.1900000000001
1,259.939999999973,263.859999999986,186.720000000001,187.849999999977,102.529999999999
1,12.9200000000001,14.5599999999999,23.6100000000001,3.55000000000018,5.69000000000005
1,33.5299999999988,44.9099999999889,18.0499999999884,52.0899999999965,40.8399999999965
1,-12.3200000000002,-7.44000000000005,-10.5800000000004,-14.98,-15.6800000000003
1,-16.5699999999999,-12.5899999999999,-8.73000000000002,-12.5999999999999,-12.8899999999999
1,53.9100000000035,46.5899999999965,50.2999999999884,32.1900000000023,48.6399999999849
1,-6.30000000000001,-2.86000000000001,0.949999999999989,-6.69,-2.61000000000001
1,5.65999999999985,7.82999999999993,-4.39000000000033,-0.619999999999891,-5.23000000000047
1,4.36000000000013,2.22000000000003,5.61000000000013,-1.44000000000005,-0.0499999999999545
1,-79.9499999999998,-79.1300000000001,-81.0699999999997,-72.25,-79.71
1,-63.4200000000001,-59.7800000000007,-64.1599999999999,-61.0700000000006,-41.7400000000007
1,144.47000000003,20.0900000000256,147.47000000003,109.180000000051,100.870000000054
1,374.459999999992,326.059999999998,319.869999999995,338.229999999981,251.540000000008
1,-0.360000000000127,4.95999999999981,6.25,4.19999999999982,8.25999999999999
1,-54.0099999999998,-44.1300000000001,-41.23,-42.8199999999997,-39.4699999999998
1,91.3600000000151,85.6000000000058,48.8099999999977,48.6900000000023,70.0499999999884
1,3071.19,2782.53000000003,2608.69,2325.47000000003,2089.37000000005
